latitude,longitude,api
6221615.76714595,-11211999.036476292,33009019450000
6226504.33824469,-11213835.585435398,33009019640000
6225265.400057867,-11209561.584905881,33009019890000
6261593.235201665,-11247162.971186543,33009020530000
6274446.199503129,-11213380.845315509,33009021760000
6261464.482263222,-11210748.918594683,33009021830000
6273831.504760435,-11217850.87946831,33009021960000
6273808.261591342,-11217850.65682933,33009021970000
6273784.848828706,-11217850.434190348,33009021980000
6273217.533304693,-11217845.313493773,33009022000000
6273194.291823948,-11217845.202174282,33009022010000
6273171.050407104,-11217844.979535298,33009022020000
6273743.791821822,-11218638.576185165,33009022050000
6273153.40733042,-11218633.344169099,33009022060000
6273106.755141625,-11218632.898891134,33009022070000
6273754.819510696,-11213676.732522037,33009022080000
6273708.333658201,-11213676.732522037,33009022090000
6271847.243362319,-11213676.732522037,33009022100000
6271893.718980759,-11213676.732522037,33009022110000
6237632.859273332,-11405277.16840764,33013006700000
6241301.727755631,-11402875.339074284,33013006940000
6241302.572793782,-11401604.62708688,33013007000000
6241300.206687171,-11404067.57082068,33013007150000
6241298.516611428,-11405267.37229245,33013007170000
6238234.963206985,-11409559.851857439,33013007630000
6239468.362335205,-11403451.862717103,33013007910000
6241298.854626551,-11405877.403101997,33013008040000
6239472.417641973,-11404659.011275264,33013008110000
6237623.736815259,-11409557.068870168,33013008170000
6245518.840847173,-11405289.524871118,33013009190000
6207814.136212508,-11399743.031242343,33013014020000
6210281.7186118,-11397420.572705923,33013014570000
6205410.716608532,-11399298.198557133,33013014580000
6200534.261230503,-11387589.94847397,33013014740000
6200534.9340235125,-11395010.171771776,33013014760000
6200523.832945632,-11390119.0159853,33013014770000
6200400.040088806,-11385254.7995156,33013014790000
6205152.388170291,-11392656.655097425,33013014800000
6203435.334569881,-11392886.752484895,33013014860000
6200753.76277314,-11395317.302246874,33013014940000
6202726.334957393,-11394777.736675,33013014980000
6227761.849723984,-11403865.303305909,33013015180000
6200790.767422439,-11388003.611701759,33013015220000
6198590.4479518365,-11387160.366558999,33013015260000
6208100.491239156,-11399286.287371619,33013015370000
6202937.48077496,-11392062.765614042,33013015390000
6198480.472135891,-11384977.391344542,33013015400000
6208096.619237379,-11398194.688444898,33013015520000
6202979.205827618,-11390809.085508728,33013015540000
6198375.710562687,-11383345.00233155,33013015550000
6202846.460301748,-11393120.52341556,33013015560000
6198761.300050775,-11385772.101189313,33013015570000
6201995.861332195,-11399264.802709894,33013015620000
6201995.861332195,-11399310.777659593,33013015630000
6201740.4963589,-11398304.004184859,33013015640000
6201739.9916926315,-11398257.91791567,33013015650000
6208921.5637965,-11395681.428301258,33013015670000
6208921.395432299,-11395727.514570449,33013015680000
6209335.581446864,-11397061.01075066,33013015690000
6209335.581446864,-11397015.035800964,33013015700000
6198555.470779789,-11389705.130118532,33013015910000
6200523.832945632,-11390119.0159853,33013901680000
6262645.694524184,-11524462.939698327,33023003600000
6154976.161268555,-11207325.955572281,33049001630000
6016997.323370134,-11523861.814448046,33053005680000
6006182.190980628,-11517792.787129486,33053009150000
6007328.204434925,-11518683.454375323,33053010480000
6003544.913085718,-11520691.435350252,33053014930000
6126111.316198638,-11454660.498274371,33053025430000
6067069.701385153,-11437688.506069046,33053030690000
6064507.974583212,-11433061.06615626,33053030820000
6062224.057202859,-11437926.507140363,33053030980000
6060184.635589281,-11431069.003868515,33053031140000
6062028.434500484,-11435324.191404086,33053031240000
6059888.790736296,-11437775.557910847,33053031420000
6064595.383939846,-11435334.655436223,33053031480000
6062604.061198707,-11438188.107943727,33053031640000
6072070.508390669,-11435868.321075086,33053031840000
6074499.075685772,-11435997.674323386,33053031860000
6098188.299904897,-11437765.873115147,33053031950000
6074207.213677425,-11435190.385376155,33053032100000
6067438.16127944,-11438222.950944345,33053032210000
6064897.68146711,-11433607.422217075,33053032380000
6091496.510372653,-11435795.295489123,33053033200000
6071698.370885408,-11438577.058244558,33053034070000
6090828.614256738,-11438036.93607523,33053034310000
6088066.413628482,-11441220.562192427,33053034440000
6088059.441593592,-11441199.300169684,33053034450000
6088052.137563107,-11441177.481549488,33053034460000
6087983.081581532,-11441008.609881956,33053034470000
6087975.777615912,-11440987.236539723,33053034480000
6087968.4736565,-11440965.417919528,33053034490000
6096029.34589371,-11438694.055029383,33053035050000
6091367.97536182,-11437696.07579442,33053035140000
6074212.682891553,-11435212.203996351,33053035220000
6074266.215079929,-11434345.915718997,33053035230000
6074266.049345086,-11434323.317862365,33053035240000
6064897.84702178,-11433630.020073704,33053035340000
6091473.759203599,-11435795.184169633,33053035350000
6090979.724946671,-11439458.48597266,33053036120000
6090962.621075909,-11439444.014438856,33053036130000
6090946.015408708,-11439428.986307599,33053036140000
6091219.182710964,-11438336.496824954,33053036150000
6091219.514834546,-11438291.078472711,33053036160000
6091219.348772752,-11438313.787648832,33053036170000
6067069.866981566,-11437665.796892924,33053036420000
6059888.790736296,-11437752.960054215,33053037220000
6074266.215079929,-11434368.624895116,33053038230000
6074266.215079929,-11434391.222751748,33053038240000
6100631.902685258,-11439921.79769334,33053039310000
6100631.736441435,-11439944.618188955,33053039320000
6064580.319006429,-11435336.436548075,33053039380000
6064564.4263579715,-11435338.106340438,33053039390000
6100627.580346939,-11441706.471769739,33053040030000
6100627.4141032,-11441729.18094586,33053040040000
6100626.084153415,-11440831.166613633,33053040050000
6100625.751665998,-11440853.987109244,33053040060000
6091359.838197149,-11437717.449136652,33053040140000
6096029.1797389425,-11438716.764205502,33053041380000
6088038.193522138,-11441134.28958706,33053041410000
6088045.165539794,-11441155.662929293,33053041420000
6072026.765659263,-11435883.237886854,33053041700000
6072048.636997188,-11435875.556841986,33053041710000
6072091.385681718,-11435861.085308183,33053041720000
6074518.798688336,-11435986.208415836,33053041730000
6074479.352728398,-11436010.030786864,33053041740000
6074460.127031919,-11436021.94197238,33053041750000
6074496.921074784,-11434990.56689018,33053042220000
6074474.21482255,-11434988.451819856,33053042230000
6074451.508630198,-11434986.782027494,33053042240000
6074429.2997116735,-11434985.11223513,33053042250000
6062041.674475627,-11436945.448468002,33053044350000
6100952.925508324,-11440551.75469174,33053045720000
6067069.701385153,-11437704.31343674,33053053900000
6067069.866981566,-11437649.98952523,33053053910000
6067038.734911904,-11437093.280751774,33053053920000
6067038.734911904,-11437077.362064593,33053053930000
6067038.900507722,-11437054.76420796,33053053940000
6065419.360027853,-11436535.124824937,33053058620000
6095258.422356397,-11442031.858641328,33053063690000
6098188.299904897,-11437788.58229127,33053066030000
6093614.791790711,-11442303.366879372,33053069530000
6093614.4595745485,-11442257.94852713,33053069540000
6093614.4595745485,-11442235.239351004,33053069550000
6093614.293466477,-11442212.418855395,33053069560000
6093614.127358403,-11442189.709679272,33053069570000
6093614.127358403,-11442167.000503149,33053069580000
6093613.961250333,-11442144.29132703,33053069590000
6093591.702798076,-11442230.897890866,33053069600000
6093591.536690439,-11442208.188714743,33053069610000
6093591.370582805,-11442185.368219132,33053069620000
6093591.204475176,-11442162.65904301,33053069630000
6093591.204475176,-11442139.949866887,33053069640000
6093625.9210395375,-11441343.904188225,33053069940000
6093626.087147838,-11441366.613364346,33053069950000
6093626.253256138,-11441389.322540468,33053069960000
6093626.419364447,-11441412.03171659,33053069970000
6093626.585472757,-11441434.852212204,33053069980000
6093626.751581072,-11441457.561388325,33053069990000
6093626.917689389,-11441480.270564446,33053070000000
6093648.677906626,-11441325.870430717,33053070010000
6093648.844015367,-11441348.579606837,33053070020000
6093649.010124111,-11441371.288782962,33053070030000
6093649.010124111,-11441393.997959083,33053070040000
6093649.1762328595,-11441416.707135204,33053070050000
6093649.34234161,-11441439.416311326,33053070060000
6093649.508450364,-11441462.125487449,33053070070000
6093649.674559121,-11441484.94598306,33053070080000
6093614.625682629,-11442280.65770325,33053070140000
6096145.655018915,-11437586.314776499,33053070180000
6096170.744765245,-11437590.99019511,33053070190000
6096144.325762874,-11437568.1696995,33053070200000
6096169.249347849,-11437572.622479131,33053070210000
6096144.325762874,-11437545.460523378,33053070220000
6096169.415505326,-11437549.913303008,33053070230000
6096169.415505326,-11437527.092807395,33053070240000
6096170.744765245,-11437500.042171134,33053070250000
6096170.744765245,-11437454.62381889,33053070260000
6096170.744765245,-11437431.914642766,33053070270000
6096145.655018915,-11437404.530048033,33053071560000
6096170.744765245,-11437409.205466647,33053071570000
6105389.622597676,-11442324.07230466,33053071610000
6105366.668264307,-11442335.649531703,33053071620000
6105388.957253818,-11442346.78148078,33053071630000
6105366.16925774,-11442358.358707823,33053071640000
6105388.957253818,-11442369.601976395,33053071650000
6105369.163297567,-11442382.8489958,33053071660000
6105391.452293557,-11442394.09226437,33053071670000
6105367.333606439,-11442428.378667533,33053071680000
6100599.983930495,-11439939.83145085,33053072030000
6100599.81768729,-11439962.65194646,33053072040000
6100599.81768729,-11439985.361122584,33053072050000
6100599.81768729,-11440008.070298705,33053072060000
6100599.651444089,-11440030.779474827,33053072070000
6100599.651444089,-11440053.59997044,33053072080000
6100631.57019762,-11440080.984565174,33053072090000
6100631.57019762,-11440058.275389053,33053072100000
6100631.57019762,-11440035.454893442,33053072110000
6100631.736441435,-11440012.745717319,33053072120000
6100631.736441435,-11439990.036541197,33053072130000
6100631.736441435,-11439967.327365076,33053072140000
6100625.419178595,-11442290.787776913,33053073320000
6100630.0740033975,-11442268.523878755,33053073330000
6100630.738978572,-11442245.814702632,33053073340000
6100631.902685258,-11442200.285030898,33053073350000
6100632.567660576,-11442177.575854776,33053073360000
6100633.232635949,-11442154.866678653,33053073370000
6100602.643822191,-11442295.240556544,33053073460000
6100607.132391303,-11442272.976658385,33053073470000
6100608.961068283,-11442204.73781053,33053073480000
6100604.472498216,-11442181.583356444,33053073490000
6100627.912834425,-11441683.762593616,33053073580000
6100628.079078173,-11441661.053417495,33053073590000
6100628.41156568,-11441638.344241373,33053073600000
6100629.076540727,-11441616.414301688,33053073610000
6100650.189525296,-11441724.83948572,33053073620000
6100650.522013659,-11441702.018990105,33053073630000
6100638.219952868,-11441679.755091948,33053073640000
6100638.718684722,-11441656.934596336,33053073650000
6100639.217416599,-11441634.225420214,33053073660000
6100651.519478819,-11441611.070966128,33053073670000
6100607.7973647015,-11442250.267482264,33053073740000
6100608.462338158,-11442227.55830614,33053073750000
6100610.29101542,-11442159.319458285,33053073760000
6100925.660545369,-11440543.739688404,33053073800000
6100925.161796851,-11440566.560184015,33053073810000
6100924.829297855,-11440589.269360136,33053073820000
6100924.330549389,-11440611.97853626,33053073830000
6100949.93300816,-11440585.150538977,33053073840000
6100949.434258233,-11440607.859715099,33053073850000
6100631.237709992,-11442222.994207019,33053073860000
6100620.93059993,-11440862.781349016,33053074900000
6100644.204736999,-11440835.396754282,33053074910000
6100644.703469195,-11440812.576258669,33053074920000
6100649.19206029,-11440804.004657878,33053074930000
6062616.1434821,-11438178.645787008,33053075010000
6062581.386274219,-11438209.481285958,33053075020000
6062557.718350974,-11438231.188586663,33053075030000
6100829.402618442,-11442357.91342986,33053075320000
6100830.566352049,-11442289.785901494,33053075330000
6100831.730085812,-11442221.54705364,33053075340000
6100832.062581204,-11442198.726558026,33053075350000
6100832.395076607,-11442176.017381905,33053075360000
6100832.727572025,-11442153.308205783,33053075370000
6100833.060067451,-11442130.59902966,33053075380000
6100833.558810619,-11442107.77853405,33053075390000
6100853.342312938,-11442285.221802372,33053075400000
6100853.841057285,-11442262.40130676,33053075410000
6096028.016655664,-11438853.130581725,33053075860000
6096028.182810408,-11438830.421405604,33053075870000
6096028.515119905,-11438807.712229481,33053075880000
6096028.681274659,-11438785.00305336,33053075890000
6096028.847429417,-11438762.293877238,33053075900000
6096050.779885577,-11438857.806000339,33053075910000
6096050.9460407635,-11438835.096824218,33053075920000
6096051.112195947,-11438812.387648096,33053075930000
6096051.444506334,-11438789.678471971,33053075940000
6096051.610661533,-11438766.85797636,33053075950000
6096051.776816734,-11438744.148800239,33053075960000
6096051.942971934,-11438721.439624116,33053075970000
6091227.485804427,-11438887.528304381,33053076600000
6091249.7381344605,-11438891.535806049,33053076610000
6091271.990522102,-11438895.543307718,33053076620000
6091294.242967358,-11438899.439489897,33053076630000
6091414.80572458,-11438897.992336515,33053076640000
6091392.552967198,-11438893.984834848,33053076650000
6091383.751519357,-11438915.469496569,33053076660000
6091406.004253955,-11438919.365678746,33053076670000
6091236.453154378,-11438889.309416233,33053078090000
6091520.4240751155,-11436079.38282963,33053079150000
6091520.590142722,-11436102.09200575,33053079160000
6091520.590142722,-11436124.801181873,33053079170000
6091519.427669518,-11436152.51973508,33053079180000
6091519.5937371105,-11436175.228911202,33053079190000
6091520.756210341,-11436192.928710239,33053079200000
6067493.307419407,-11438744.26011973,33053079240000
6067490.9889559625,-11438721.99622157,33053079250000
6067488.339284217,-11438699.398364939,33053079260000
6067486.186426526,-11438672.236409187,33053079270000
6067483.867965003,-11438654.53661015,33053079280000
6067481.218295448,-11438631.938753521,33053079290000
6067479.065439538,-11438609.229577396,33053079300000
6067476.746979926,-11438586.631720765,33053079310000
6067518.3137433445,-11438739.584701115,33053079320000
6067513.345593739,-11438694.722946327,33053079330000
6067508.874261541,-11438649.861191537,33053079340000
6067506.2245843,-11438627.263334906,33053079350000
6067501.753255794,-11438581.956302153,33053079360000
6091497.672842762,-11436083.835609261,33053079470000
6091497.838909934,-11436106.544785384,33053083250000
6091334.596429213,-11438347.740093524,33053083430000
6091311.845688739,-11438359.206001075,33053083440000
6091370.300267429,-11438890.08865267,33053083590000
6091334.430365199,-11438370.449269645,33053084540000
6091334.928557258,-11438325.030917402,33053084550000
6091335.094621286,-11438302.321741281,33053084560000
6091312.177815902,-11438313.787648832,33053084570000
6091312.50994308,-11438291.078472711,33053084580000
6091604.122557687,-11439191.987111699,33053090540000
6091585.190686725,-11439190.873916794,33053090550000
6091565.262446557,-11439179.630648222,33053090560000
6091545.83245688,-11439168.387379654,33053090570000
6091370.964526292,-11439079.109148035,33053090580000
6091352.365297603,-11439055.064138025,33053090590000
6091335.260685317,-11439051.056636354,33053090600000
6091317.65791598,-11439037.030380515,33053090610000
6079574.183837074,-11442726.71490286,33053902450000
6094561.826160307,-11442089.633457048,33053903710000
6064602.005896933,-11371199.934566513,33055001230000
6110863.821532362,-11374900.528398953,33061004990000
6112992.380850857,-11376867.321162289,33061005030000
6108159.064265386,-11374389.905894684,33061005040000
6108191.011138225,-11376850.289280197,33061005060000
6115401.734235222,-11376975.078429377,33061005070000
6113021.515497925,-11379323.919685114,33061005080000
6110820.047368849,-11373076.781181287,33061005110000
6110469.029928573,-11373596.19792533,33061005120000
6105702.339920345,-11376896.152910404,33061005140000
6113255.595168174,-11377843.259138072,33061005150000
6117814.929683175,-11376918.305489073,33061005160000
6115427.379922785,-11374104.482720291,33061005170000
6105814.455181754,-11379230.63395183,33061005180000
6105735.109363093,-11381617.212514946,33061005190000
6107926.953838477,-11375849.527057966,33061005200000
6110493.995132733,-11380188.98344807,33061005210000
6113285.563154786,-11370344.555599257,33061005220000
6110305.759284438,-11378356.55331012,33061005230000
6110830.366733282,-11370717.698532397,33061005240000
6108227.284294273,-11381560.884852605,33061005260000
6110886.291246768,-11380199.00220224,33061005270000
6115751.787838454,-11370728.830481475,33061005280000
6163700.55699289,-11415413.587280802,33061005300000
6163746.109737607,-11412620.46993731,33061005310000
6117720.980734355,-11374534.621232715,33061005330000
6105785.0123081105,-11369466.133497406,33061005340000
6110527.448620195,-11371130.693843238,33061005350000
6107829.119926372,-11373483.542600645,33061005360000
6113339.339304392,-11380020.334419515,33061005400000
6117744.634450743,-11379323.36308766,33061005420000
6117699.159405976,-11381748.680833574,33061005450000
6105432.870059207,-11371097.07535702,33061005460000
6137422.311493418,-11377833.574342374,33061005490000
6105257.3865189245,-11373501.687677646,33061005510000
6105398.771080981,-11368772.167791802,33061005520000
6114155.179834537,-11378769.103343002,33061005540000
6091292.084145514,-11369090.207576998,33061005570000
6112879.838800733,-11383987.315793427,33061005580000
6105745.422614615,-11367287.16578462,33061005590000
6137463.216496345,-11380240.413052816,33061005610000
6105360.846522846,-11375941.47695736,33061005640000
6119988.53614472,-11381808.236761147,33061005690000
6136911.098926922,-11384211.401928391,33061005700000
6105406.921556142,-11378319.483919688,33061005830000
6129861.58324111,-11379379.468111021,33061005960000
6110506.810632418,-11368725.74756414,33061006020000
6105444.5136437705,-11380498.785590947,33061006050000
6100894.571943235,-11374100.697857603,33061006090000
6117704.156651848,-11369580.681253433,33061006120000
6132586.714395804,-11380260.561880648,33061006140000
6122599.358353691,-11379334.272397758,33061006160000
6110531.276639517,-11385471.427244682,33061006170000
6107872.546066024,-11385493.357184367,33061006180000
6105355.690126566,-11383079.171387535,33061006190000
6130145.500968978,-11377804.519955276,33061006200000
6118084.955354511,-11377830.234757649,33061006210000
6110535.104660547,-11374722.862491647,33061006260000
6132526.977110857,-11377796.727590922,33061006270000
6125016.748579272,-11381807.12356624,33061006280000
6108236.768585129,-11364891.90430122,33061006290000
6105351.698079961,-11385493.913781822,33061006300000
6100878.61206286,-11376776.595777294,33061006320000
6100914.023087536,-11379000.313925378,33061006350000
6112941.270594777,-11386595.642782204,33061006390000
6100884.430765811,-11367297.407177772,33061006420000
6107878.70227985,-11366432.120775836,33061006430000
6124979.57074859,-11379402.622565106,33061006440000
6120545.895833365,-11380245.979027355,33061006450000
6102997.711918861,-11371107.762028135,33061006470000
6102969.609016864,-11373591.745145697,33061006490000
6125306.674506181,-11375336.344205407,33061006500000
6100904.71313263,-11381626.452032683,33061006510000
6117704.822951516,-11384201.27185473,33061006520000
6120481.076954989,-11375368.738177229,33061006540000
6100649.358304451,-11373490.667048056,33061006550000
6108397.8367392095,-11370441.180917265,33061006600000
6141950.597243621,-11381829.61010338,33061006640000
6137078.049379143,-11379425.220421737,33061006690000
6125415.878592129,-11377264.620424928,33061006720000
6118154.087291644,-11374906.205692982,33061006750000
6125465.396018016,-11382229.024436347,33061006860000
6125357.191643153,-11380201.67387002,33061006890000
6110841.351876804,-11387415.956109859,33061006900000
6125282.499744026,-11384504.17218918,33061006910000
6122586.358098472,-11386582.50708229,33061006930000
6113238.446867378,-11386864.256713487,33061006950000
6115651.200087879,-11384451.963347998,33061007000000
6181331.715915247,-11383288.118071754,33061007020000
6122906.370112892,-11384588.886321673,33061007030000
6141913.846942664,-11379425.109102245,33061007050000
6118092.618144166,-11382537.824703807,33061007110000
6137404.446920826,-11382651.81586238,33061007140000
6166465.47954243,-11408511.444893148,33061007160000
6113288.726448372,-11382192.84560184,33061007180000
6134979.552054552,-11379699.177688578,33061007280000
6130136.326042114,-11382125.274670927,33061007300000
6129845.736171722,-11384235.112979932,33061007310000
6093681.235281119,-11378651.661280213,33061007320000
6137521.819514705,-11384508.291010339,33061007400000
6113258.092496395,-11368267.779179018,33061007430000
6105703.0052884985,-11386196.89636618,33061007440000
6125058.427953448,-11376916.079099257,33061007450000
6125320.17905818,-11386903.886452211,33061007480000
6100528.66589149,-11378379.596444715,33061007510000
6100638.053708923,-11375861.32692399,33061007520000
6137125.9647604115,-11386421.20514013,33061007630000
6117834.752376594,-11389027.1944196,33061007740000
6132644.282844102,-11384565.286589624,33061007790000
6142204.178623417,-11387471.615855256,33061007870000
6149152.025437508,-11384213.071720755,33061007880000
6141838.008184315,-11388881.25456717,33061007890000
6132243.981559177,-11388840.845592013,33061007900000
6098532.167411091,-11383450.978486784,33061008010000
6132267.341686849,-11386525.511503004,33061008040000
6137485.422151237,-11375427.069590405,33061008060000
6120196.9794271635,-11386659.317530936,33061008080000
6142185.802908487,-11382628.884047275,33061008120000
6142220.549748151,-11380247.537500227,33061008130000
6144678.578586071,-11380202.00782849,33061008140000
6154032.128864248,-11381796.99349258,33061008160000
6127725.3291303255,-11387418.961736111,33061008200000
6100553.26971682,-11382554.8565859,33061008280000
6154084.990583828,-11390931.091670638,33061008290000
6166456.600608901,-11413340.929681724,33061008300000
6164044.888176867,-11413881.385809524,33061008320000
6132561.851620426,-11387506.236216892,33061008350000
6149512.824571747,-11384644.212108597,33061008360000
6132246.985000592,-11369442.533765359,33061008370000
6098074.78842405,-11375861.43824348,33061008540000
6100874.455848883,-11383338.323162101,33061008650000
6127700.647233956,-11384553.4867236,33061008660000
6103347.093546657,-11386176.747538349,33061008690000
6149232.276013351,-11386516.49462425,33061008700000
6096053.936834631,-11376754.665837606,33061008710000
6141888.957055781,-11386433.6729231,33061008720000
6195999.331358591,-11392975.474119058,33061008840000
6142278.1830386,-11385102.625771685,33061008870000
6095725.9526434485,-11378369.466371052,33061008990000
6154017.073371038,-11384234.667701967,33061009000000
6113251.7659329865,-11384370.366161246,33061009020000
6093406.993090235,-11378368.353176145,33061009070000
6153970.903357268,-11386660.764684318,33061009100000
6193249.014080135,-11378042.743665574,33061009120000
6183523.047586282,-11387302.63286823,33061009130000
6168930.3271349445,-11412553.121645378,33061009200000
6176047.211205367,-11416750.868323704,33061009210000
6096093.315717719,-11371932.416815931,33061009300000
6120467.080140723,-11382092.992018597,33061009320000
6169204.987846623,-11412335.71467986,33061009390000
6091281.290044458,-11379129.333215207,33061009400000
6147157.204797429,-11379699.28900807,33061009440000
6095772.806761333,-11382633.670785379,33061009470000
6093661.468289042,-11374399.702009873,33061009520000
6098172.012660275,-11385505.268369883,33061009610000
6154031.1251638755,-11388944.372718452,33061009620000
6095739.078416667,-11371209.842001192,33061009640000
6105356.189132519,-11366479.431559423,33061009660000
6100531.824486747,-11380284.161612699,33061009670000
6096078.6940016635,-11378687.283517268,33061009680000
6149507.975918952,-11375383.543669505,33061009700000
6169213.869640147,-11415187.608714493,33061009710000
6102997.545629228,-11390302.136547657,33061009720000
6146791.657945575,-11379399.839577835,33061009740000
6164043.715819506,-11411429.017427348,33061009750000
6132545.999553014,-11367732.666386776,33061009760000
6098228.353362324,-11383088.076946799,33061009830000
6091025.888961909,-11385550.352763653,33061009860000
6105432.537385594,-11363983.425936857,33061009870000
6107873.544370669,-11363983.648575839,33061009880000
6149611.637370971,-11380071.43006579,33061009890000
6086233.129163162,-11385442.484177075,33061009900000
6132543.329734018,-11374878.041861812,33061009960000
6173781.341784919,-11416694.874619832,33061009970000
6161593.673210117,-11416217.647962803,33061009980000
6088550.485873806,-11385153.164820503,33061010030000
6091254.221819874,-11381046.254846668,33061010090000
6088903.264881024,-11376667.613995805,33061010120000
6156752.590091656,-11408476.935851002,33061010130000
6084129.441717771,-11386028.692615593,33061010140000
6091388.733469861,-11383474.355579851,33061010150000
6151686.970066194,-11379388.596309265,33061010170000
6146723.297237331,-11384233.109229097,33061010180000
6105754.904163234,-11368078.202086195,33061010250000
6091322.307700603,-11385776.99924691,33061010270000
6088501.845009771,-11383101.546605183,33061010280000
6093369.2875496885,-11375997.58198072,33061010300000
6088907.9133598665,-11379129.221895717,33061010330000
6166467.489868283,-11415780.718961438,33061010340000
6088657.231123672,-11377907.935762223,33061010360000
6197860.497452008,-11392558.137348073,33061010430000
6086482.081030863,-11378644.648152294,33061010450000
6183471.513939762,-11382861.764422016,33061010460000
6181056.999998327,-11382897.27533958,33061010470000
6088924.681107995,-11381079.762013396,33061010500000
6144626.276299599,-11384638.98009253,33061010530000
6149603.277529854,-11387422.746598797,33061010540000
6122931.87158437,-11386947.18973413,33061010590000
6081680.5726217525,-11378823.87253247,33061010600000
6093310.819373456,-11383133.606618533,33061010620000
6084161.963063204,-11378686.059002869,33061010640000
6083763.916890102,-11382565.654576506,33061010750000
6088883.34285732,-11369168.7991375,33061010770000
6171359.847858731,-11409504.748709496,33061010810000
6176127.211825817,-11419104.273678564,33061010860000
6103320.985051526,-11388781.067025457,33061010950000
6193215.235226139,-11385377.250955472,33061011010000
6084107.0418829955,-11376803.535094066,33061011090000
6193473.873747572,-11385691.839836452,33061011100000
6125001.410620607,-11378138.033149693,33061011130000
6134699.980438962,-11380589.288336962,33061011150000
6168985.962391791,-11411287.53035455,33061011180000
6115667.52053676,-11383791.28217014,33061011200000
6108254.073283179,-11385742.935482727,33061011220000
6174234.23275936,-11392974.13828517,33061011260000
6181362.0912792655,-11382232.36402107,33061011280000
6084107.705580964,-11371475.005028263,33061011290000
6095834.780862947,-11385469.423493847,33061011380000
6139907.68711053,-11382058.037698489,33061011390000
6100931.645529821,-11375135.078566056,33061011430000
6181126.307454991,-11402258.406456308,33061011470000
6093674.258690485,-11377538.2437333,33061011490000
6149225.7556259455,-11388436.644520944,33061011530000
6084127.284694107,-11373896.092633525,33061011580000
6185798.560379538,-11387238.624161026,33061011600000
6096086.171012444,-11385901.120479144,33061011620000
6083809.212587068,-11378367.017342256,33061011640000
6164046.897932715,-11412621.583132217,33061011660000
6183452.545607616,-11380336.481773369,33061011680000
6188378.848060183,-11382827.032740887,33061011690000
6088553.972089648,-11373088.358408328,33061011710000
6185914.920991199,-11394858.665944805,33061011720000
6195966.886453417,-11380757.158129077,33061011750000
6084150.84605884,-11381490.308295442,33061011760000
6188602.067499892,-11373853.23462957,33061011770000
6193238.090555472,-11382847.181568721,33061011800000
6183872.712448474,-11388118.04813829,33061011820000
6188680.17049123,-11380697.268243032,33061011830000
6190798.630368433,-11390016.2680953,33061011860000
6103010.516230156,-11387864.017060302,33061011910000
6186194.998936443,-11392984.045719847,33061011920000
6181339.267791219,-11392908.237146618,33061011950000
6193584.793259618,-11391038.292340273,33061011970000
6191054.1712947665,-11390574.8693001,33061012010000
6183560.984606659,-11389812.99870511,33061012040000
6186279.7965330975,-11383184.813584298,33061012050000
6181435.093287456,-11390774.687786072,33061012070000
6193583.952954848,-11383299.13870134,33061012120000
6169179.515584399,-11417518.08225425,33061012140000
6190810.054782588,-11387683.790804707,33061012150000
6185965.629864616,-11392600.550074065,33061012160000
6185963.950758014,-11385146.930929018,33061012190000
6196013.956822609,-11386181.979554415,33061012210000
6174163.136842578,-11395246.28041175,33061012250000
6186290.87905364,-11390532.122615635,33061012280000
6181066.061958215,-11394958.408208556,33061012300000
6176549.030443839,-11392866.82629604,33061012310000
6163695.197862431,-11389004.819201954,33061012380000
6188735.094959214,-11383242.254441548,33061012390000
6186223.040820546,-11385648.425235044,33061012450000
6183942.546420255,-11378514.070389595,33061012460000
6180833.642513847,-11385384.152763901,33061012500000
6193616.724902189,-11380869.034217324,33061012530000
6188620.879337708,-11376501.747954523,33061012540000
6193132.049067559,-11387428.7578513,33061012550000
6171291.457845575,-11394670.090727402,33061012560000
6171829.373511452,-11417767.549233116,33061012610000
6195554.86372617,-11394938.927297669,33061012690000
6156718.286141174,-11410854.052257402,33061012850000
6122619.358784848,-11385969.359327001,33061012860000
6088596.138812249,-11380808.699053315,33061012960000
6113222.4640159495,-11387813.811969955,33061012980000
6113366.144260291,-11386864.813310942,33061012990000
6161573.7488780115,-11408495.303566983,33061013000000
6098176.666155589,-11385335.728785405,33061013010000
6083431.257999486,-11385118.544458868,33061013020000
6083385.798382196,-11385118.544458868,33061013030000
6164101.831442472,-11408470.145362064,33061013070000
6120431.921577117,-11385443.597371984,33061013090000
6120226.971683495,-11385738.927981058,33061013130000
6091025.888961909,-11385504.934411412,33061013210000
6153992.148223922,-11385287.527445892,33061013220000
6091364.155875404,-11383513.428721119,33061013260000
6127703.81585181,-11387900.307214301,33061013290000
6127728.33098744,-11386878.28296933,33061013300000
6086519.756374729,-11385753.06555639,33061013490000
6088250.012581909,-11386730.784644026,33061013500000
6105441.353240685,-11389745.650413182,33061013610000
6153991.6463760715,-11385276.06153834,33061013920000
6095834.780862947,-11385274.057787506,33061013930000
6196111.796779987,-11393246.537079137,33061013940000
6122922.871056361,-11387152.35155566,33061013950000
6141952.1006683875,-11387919.231527736,33061014030000
6125278.331688481,-11387678.892747112,33061014050000
6120030.191071693,-11386656.311904684,33061014060000
6186241.679489187,-11386903.218535265,33061014090000
6088992.91455899,-11385775.55209353,33061014120000
6090588.337124515,-11386702.954771329,33061014190000
6110824.70772544,-11387857.671849327,33061014310000
6186282.651120346,-11395424.502916507,33061014320000
6183008.228701742,-11390407.444785947,33061014340000
6163991.797297857,-11415747.434433691,33061014390000
6085791.838196336,-11386560.688462095,33061014400000
6188377.168477842,-11380010.872262798,33061014460000
6188331.1480506295,-11380011.094901782,33061014470000
6108217.63362311,-11386293.855642663,33061014480000
6134958.187453647,-11385467.197104033,33061014490000
6134978.0498543065,-11384588.218404729,33061014500000
6188387.078018429,-11390969.385575471,33061014510000
6186196.174342909,-11394627.232723448,33061014560000
6188716.114904233,-11390932.204865547,33061014590000
6195554.86372617,-11394938.927297669,33061014660000
6102848.717700423,-11387861.568031505,33061014820000
6096066.730797952,-11386730.895963516,33061014860000
6172143.019645793,-11392863.264072338,33061014890000
6137471.564480145,-11385503.932535993,33061014900000
6156704.397263813,-11409817.222520154,33061014940000
6144649.168954316,-11384757.869308697,33061015060000
6091011.275865518,-11376009.047888273,33061015070000
6176526.052112947,-11392937.95945066,33061015080000
6181066.061958215,-11394907.980479227,33061015090000
6103411.450494731,-11385798.929186596,33061015170000
6164010.3874419015,-11414558.54227202,33061015200000
6088314.588552664,-11386959.546197606,33061015290000
6086901.9961784445,-11386704.847202672,33061015300000
6163746.444685156,-11414097.456941154,33061015310000
6096204.142488284,-11385761.080559727,33061015350000
6161565.712185785,-11414522.697395986,33061015420000
6166573.367699153,-11412186.101284232,33061015450000
6166416.561759246,-11414543.514140762,33061015460000
6089530.334172298,-11386743.80902445,33061015470000
6166672.042999308,-11408557.308523355,33061015560000
6171382.30940422,-11392031.48483713,33061015630000
6081897.543375114,-11385039.17366193,33061015730000
6188661.526486286,-11381053.156655097,33061015740000
6193547.819928367,-11395790.076124273,33061015760000
6193536.896020316,-11395834.603920592,33061015770000
6193192.548011374,-11397018.820663651,33061015780000
6193146.501553941,-11397018.931983141,33061015790000
6183504.07913943,-11396861.080945196,33061015960000
6193211.033885507,-11399323.468081543,33061015980000
6193210.697778345,-11399369.44303124,33061015990000
6193576.054094105,-11398043.961854367,33061016000000
6193529.837502566,-11398043.739215385,33061016010000
6091588.345995656,-11385937.744591616,33061016070000
6092718.685400972,-11386508.479620911,33061016080000
6176464.497327283,-11378905.358399732,33061016160000
6186176.86411444,-11385703.305744004,33061016170000
6173223.01614786,-11392887.42040184,33061016210000
6183843.8389543,-11399233.521932982,33061016220000
6195983.52916135,-11376508.649762953,33061016230000
6100624.089229118,-11368090.447230184,33061016270000
6190866.33704664,-11401809.120991465,33061016440000
6113302.87803922,-11385431.129589014,33061016480000
6084494.816147928,-11386636.830993796,33061016490000
6086128.405564371,-11386987.598709287,33061016500000
6171388.84673081,-11389754.555972444,33061016510000
6163779.939506771,-11411681.712671448,33061016590000
6166209.16687483,-11411821.418632394,33061016600000
6086221.51158535,-11380389.247212006,33061016810000
6188401.52245417,-11392295.089391328,33061016820000
6188631.628977969,-11392292.41772355,33061016830000
6176462.8200913835,-11380034.026716884,33061016880000
6124992.574635146,-11380895.194297662,33061017010000
6163750.6315306695,-11387540.856578529,33061017020000
6085223.952116236,-11385221.18102938,33061017040000
6081666.804784568,-11380068.424439538,33061017050000
6088901.604710621,-11379808.493428538,33061017060000
6171373.257729519,-11393045.048800802,33061017070000
6186215.988361963,-11388129.514045844,33061017100000
6091272.32264773,-11377406.998053655,33061017130000
6085231.917529597,-11381056.718878804,33061017150000
6107973.042649528,-11384446.62001244,33061017180000
6082490.42561738,-11376394.881243361,33061017210000
6084129.275792855,-11382028.64935292,33061017290000
6084675.3520225985,-11376350.019488573,33061017340000
6183833.59895952,-11399253.670760818,33061017760000
6183741.271693374,-11397792.491124664,33061017770000
6091281.123981469,-11382236.260203248,33061017810000
6191045.434726237,-11400644.94175675,33061017920000
6115366.2633781675,-11383331.421353674,33061018170000
6183553.430761702,-11395973.753284082,33061018220000
6183553.262898557,-11395996.685099186,33061018230000
6085903.19605968,-11385562.041310187,33061018240000
6111093.34827369,-11383778.59174819,33061018290000
6112927.952011293,-11383219.433945933,33061018580000
6110576.380821869,-11383817.553569967,33061018600000
6095853.057493018,-11384574.192148888,33061018610000
6186158.729331032,-11393817.717386398,33061019430000
6095717.312904938,-11377383.398321606,33061019630000
6198095.063522004,-11389810.32703733,33061019930000
6161633.522013799,-11415118.813269183,33061020170000
6166493.289092116,-11390782.48015043,33061020580000
6171609.274905722,-11413635.703693343,33061020880000
6117781.114606063,-11383244.592150854,33061020890000
6118886.253708037,-11379726.450963821,33061020940000
6118886.087110157,-11379749.271459436,33061020950000
6088896.7902182555,-11377448.631543212,33061021110000
6110800.573763323,-11373831.416009374,33061021190000
6095853.057493018,-11384596.901325012,33061021380000
6173799.617926525,-11377393.86235374,33061021400000
6173799.617926525,-11377416.794168845,33061021410000
6110483.84260761,-11385193.462476172,33061022480000
6110504.813410429,-11385202.479354925,33061022490000
6092275.566666445,-11386651.747805562,33061022810000
6127723.494662609,-11385317.583708407,33061022960000
6127723.494662609,-11385294.874532284,33061022970000
6110587.3656401895,-11373561.688883182,33061023140000
6103368.046918646,-11387156.359057328,33061023410000
6103368.046918646,-11387133.538561717,33061023420000
6099664.750582183,-11383145.629123537,33061023570000
6099710.296381096,-11383145.406484557,33061023580000
6099282.940008148,-11383379.288734714,33061023620000
6099305.711865058,-11383379.177415222,33061023630000
6107902.9944099365,-11387442.227509687,33061023640000
6107925.789142486,-11387442.338829177,33061023650000
6098623.413444217,-11384294.112310052,33061023890000
6098623.081034322,-11384271.40313393,33061023900000
6114184.984457871,-11379380.358666947,33061024130000
6141862.563832027,-11386122.868904805,33061024390000
6141908.334411138,-11386123.091543784,33061024400000
6107973.042649528,-11384423.910836319,33061024450000
6118050.306304161,-11380896.975409515,33061024500000
6090993.009529962,-11384336.636355536,33061024550000
6107973.042649528,-11384469.44050805,33061024580000
6107973.209035576,-11384492.149684174,33061024590000
6095660.157930526,-11379328.70642322,33061024850000
6110491.9979137285,-11379899.88673048,33061024880000
6110523.953473614,-11379899.998049969,33061024890000
6117760.459156591,-11380841.983581062,33061025140000
6125028.418783602,-11387875.14900938,33061025170000
6127495.023118348,-11386537.088730047,33061025220000
6127495.023118348,-11386569.037423903,33061025260000
6081622.183873323,-11377416.348890882,33061025600000
6110894.280492736,-11385304.11405002,33061025740000
6110878.302008235,-11385304.22536951,33061025750000
6137677.428337173,-11384553.932001565,33061025760000
6118088.120418974,-11383395.430060878,33061025770000
6118087.953836599,-11383411.348748062,33061025780000
6118087.787254238,-11383427.378754737,33061025790000
6113302.71154978,-11383058.243323265,33061025840000
6113270.74563721,-11383058.577281738,33061025850000
6120207.976575634,-11378149.165098773,33061025960000
6120207.976575634,-11378165.083785957,33061025970000
6120207.976575634,-11378181.11379263,33061025980000
6117871.899228006,-11388403.026034722,33061025990000
6117871.732649838,-11388371.188660355,33061026040000
6137704.9774042005,-11386898.654436143,33061026130000
6137681.936360255,-11386898.543116653,33061026140000
6113301.379634377,-11383449.865291877,33061026190000
6113269.413726769,-11383449.865291877,33061026200000
6088631.9972902415,-11380172.842121903,33061026260000
6115655.529999861,-11383472.351829017,33061026450000
6118938.898799704,-11379405.405552376,33061026680000
6118954.892309299,-11379405.516871866,33061026690000
6124043.176080271,-11381738.773398893,33061026710000
6124043.342778423,-11381761.593894504,33061026720000
6132980.356815814,-11384622.393488402,33061026840000
6132980.356815814,-11384599.572992789,33061026850000
6124992.574635146,-11380918.014793275,33061027160000
6124992.574635146,-11380872.485121539,33061027170000
6127380.622868253,-11385837.557049902,33061027270000
6127380.622868253,-11385860.377545513,33061027280000
6127380.622868253,-11385883.198041128,33061027290000
6086497.0183721185,-11385753.17687588,33061027500000
6086474.2804296315,-11385753.28819537,33061027510000
6138152.453457476,-11379790.45967103,33061027540000
6138175.328794818,-11379790.45967103,33061027550000
6138198.20419331,-11379790.45967103,33061027560000
6126695.587447546,-11386991.494891465,33061027570000
6126718.432195695,-11386991.828849936,33061027580000
6139910.526235043,-11387203.558521425,33061027600000
6139887.646258399,-11387203.447201936,33061027610000
6139864.766342944,-11387203.335882442,33061027620000
6122535.857294143,-11378273.508969989,33061027660000
6124043.176080271,-11381715.95290328,33061027960000
6103424.255423079,-11375113.37126535,33061028220000
6103424.255423079,-11375090.662089227,33061028230000
6103424.255423079,-11375067.841593616,33061028240000
6105829.093484207,-11374002.180108253,33061028250000
6105829.093484207,-11373979.470932128,33061028260000
6105829.259828693,-11373956.650436517,33061028270000
6132561.851620426,-11387551.877208117,33061028370000
6132561.851620426,-11387529.056712504,33061028380000
6112908.3071383955,-11379133.229397386,33061028390000
6112931.115172993,-11379133.118077893,33061028400000
6107687.362563169,-11375894.945410209,33061028440000
6107687.362563169,-11375872.236234087,33061028450000
6107687.528943676,-11375849.527057966,33061028460000
6100960.074262933,-11377629.080437787,33061028470000
6100960.074262933,-11377583.550766053,33061028480000
6102936.850128871,-11374660.523576802,33061028540000
6102936.683840418,-11374705.941929048,33061028550000
6102936.683840418,-11374683.232752925,33061028560000
6137484.253431121,-11375095.894105295,33061028570000
6137484.4203911275,-11375118.714600908,33061028580000
6125365.861280761,-11386904.554369155,33061028590000
6125297.3380382275,-11386903.663813228,33061028600000
6125328.515212014,-11375131.182383876,33061028640000
6125328.515212014,-11375108.473207753,33061028650000
6107304.695927345,-11373493.227396345,33061028660000
6107327.489070806,-11373492.782118382,33061028670000
6107350.282274796,-11373492.448159909,33061028680000
6105344.878337968,-11375925.558270177,33061028910000
6105376.6484017065,-11375957.284325054,33061028920000
6100894.571943235,-11374123.518353214,33061029110000
6100894.571943235,-11374077.988681482,33061029120000
6105137.294637645,-11383012.936290514,33061029140000
6105136.961975485,-11383058.465962246,33061029150000
6105429.70966041,-11378251.356391322,33061029190000
6105406.921556142,-11378251.24507183,33061029200000
6105257.053852111,-11373433.448829789,33061029210000
6105257.2201855155,-11373456.15800591,33061029220000
6100891.246965711,-11379000.313925378,33061029230000
6100868.470904289,-11379000.313925378,33061029240000
6112891.825457711,-11383816.44037506,33061029780000
6112907.807693059,-11383816.329055568,33061029790000
6112923.789958195,-11383816.106416585,33061029800000
6102893.282664383,-11377211.40970833,33061029810000
6102916.064097242,-11377211.632347312,33061029820000
6102938.845590554,-11377211.854986293,33061029830000
6102961.627144314,-11377212.077625277,33061029840000
6102984.408758525,-11377212.300264258,33061029850000
6110931.896625828,-11380198.779563257,33061029860000
6110909.093905993,-11380198.89088275,33061029870000
6112859.36163382,-11383220.658460334,33061029880000
6112882.336019556,-11383220.435821353,33061029890000
6112905.143985101,-11383220.21318237,33061029900000
6104500.270230518,-11374309.19926386,33061030030000
6106336.292812953,-11378762.758132026,33061030040000
6106352.262842313,-11378762.869451517,33061030050000
6106368.232901389,-11378762.869451517,33061030060000
6105725.295151379,-11378775.337234484,33061030070000
6105725.128808907,-11378798.157730097,33061030080000
6105724.9624664355,-11378820.86690622,33061030090000
6102933.025495272,-11378265.827925123,33061030420000
6102932.859206897,-11378288.537101248,33061030430000
6100960.074262933,-11377606.259942174,33061030440000
6111572.061947552,-11381238.280968286,33061030470000
6102933.191783654,-11378243.007429512,33061030500000
6100980.024307283,-11381543.519012041,33061030970000
6103346.927250259,-11377606.927859118,33061030980000
6103347.093546657,-11377584.218682997,33061030990000
6103347.259843055,-11377561.398187384,33061031000000
6105137.128306564,-11383035.645466635,33061031090000
6104078.496268812,-11382977.20273397,33061031100000
6104079.161511113,-11382999.911910089,33061031110000
6104079.660442868,-11383022.621086212,33061031120000
6093718.277750063,-11374445.120362118,33061031130000
6093695.520698654,-11374445.120362118,33061031140000
6094346.861298496,-11373945.295848455,33061031200000
6094369.620074921,-11373945.295848455,33061031210000
6094415.13780861,-11373945.295848455,33061031220000
6103400.641154502,-11377789.157865549,33061031310000
6103377.85843581,-11377789.046546055,33061031340000
6103355.0757775735,-11377788.935226565,33061031350000
6105147.607170924,-11380611.21827665,33061031440000
6105147.773502208,-11380588.397781035,33061031450000
6100964.895519406,-11381560.773533113,33061031460000
6100638.053708923,-11375884.036100112,33061031540000
6100528.66589149,-11378334.06677298,33061031550000
6100528.499649671,-11378311.357596857,33061031560000
6100526.172264482,-11377125.359741947,33061031630000
6100526.172264482,-11377170.889413683,33061031640000
6100526.172264482,-11377193.598589804,33061031650000
6100528.499649671,-11378288.648420738,33061031700000
6100524.177363395,-11379516.279765205,33061031750000
6100524.011121658,-11379538.988941327,33061031760000
6100524.011121658,-11379561.80943694,33061031770000
6100523.844879924,-11379584.518613061,33061031780000
6100463.333102837,-11380317.334820952,33061031800000
6100463.333102837,-11380294.625644831,33061031810000
6100463.499343399,-11380271.91646871,33061031820000
6112893.656753995,-11383220.32450186,33061031830000
6104268.5913528735,-11385430.906950032,33061032340000
6104245.806330741,-11385431.018269524,33061032350000
6104223.021369083,-11385431.018269524,33061032360000
6094392.378911626,-11373945.295848455,33061032420000
6105328.9101827955,-11385491.798711497,33061032430000
6105306.1223461265,-11385491.910030989,33061032440000
6105283.334569953,-11385492.021350479,33061032450000
6096239.866564598,-11372831.54434307,33061032460000
6096239.866564598,-11372808.835166948,33061032470000
6096239.700405759,-11372786.125990827,33061032480000
6096095.641902112,-11371977.835168175,33061032550000
6096095.641902112,-11371955.125992054,33061032560000
6098074.78842405,-11375815.908571746,33061032640000
6100517.361454842,-11382000.596841238,33061032720000
6100517.361454842,-11381977.887665117,33061032730000
6100517.361454842,-11381955.178488994,33061032740000
6096105.943583425,-11376861.977826731,33061032860000
6096105.943583425,-11376839.157331116,33061032870000
6096106.109739677,-11376816.448154995,33061032880000
6100518.192662915,-11382509.549553145,33061033190000
6100540.967795343,-11382509.438233655,33061033200000
6094014.955481775,-11373820.284060296,33061033310000
6093992.197644674,-11373820.284060296,33061033320000
6093969.439867845,-11373820.284060296,33061033330000
6096080.687870572,-11377778.137235958,33061033460000
6096080.687870572,-11377755.428059839,33061033470000
6096080.687870572,-11377732.718883714,33061033480000
6091420.618021446,-11376826.80086764,33061033840000
6091397.867053277,-11376826.80086764,33061033850000
6091375.116145331,-11376826.80086764,33061033860000
6091420.950152815,-11376258.848825613,33061033870000
6091443.86724821,-11376258.848825613,33061033880000
6095637.395735533,-11379329.708298635,33061033890000
6095682.920185819,-11379329.485659655,33061033900000
6147301.6226752335,-11382093.54861605,33061033980000
6091398.199183767,-11376258.848825613,33061033990000
6091348.3797538355,-11374286.82404621,33061034240000
6091338.415902498,-11374307.306832517,33061034250000
6095686.575444115,-11376987.434892856,33061034260000
6095686.575444115,-11376964.725716732,33061034270000
6095686.741592257,-11376919.307364488,33061034280000
6091374.617950939,-11377520.989212226,33061034330000
6091351.8671045285,-11377520.989212226,33061034340000
6110820.546692645,-11373008.43101394,33061034350000
6110820.213810108,-11373031.140190061,33061034360000
6110819.880927587,-11373053.960685674,33061034370000
6091329.11631834,-11377520.989212226,33061034510000
6091318.986425615,-11374348.161085635,33061034540000
6091283.614926615,-11377520.989212226,33061034690000
6107868.220080571,-11372216.170197964,33061034740000
6107870.71584114,-11372191.457271008,33061034750000
6107753.748642443,-11373210.25325075,33061034770000
6107753.9150242405,-11373255.67160299,33061034780000
6096083.6786747975,-11378710.10401288,33061034790000
6096083.6786747975,-11378732.813189002,33061034800000
6095727.4479836915,-11378322.712184919,33061034810000
6095727.4479836915,-11378345.42136104,33061034820000
6095727.281834763,-11378413.548889408,33061034830000
6113333.179171082,-11369342.902821098,33061034940000
6113310.370067357,-11369342.680182116,33061034950000
6113287.561024283,-11369342.457543137,33061034960000
6110859.826922624,-11371359.900674783,33061034970000
6110859.660480592,-11371382.609850904,33061034980000
6113350.16117091,-11368877.921308054,33061035080000
6113327.352022028,-11368877.698669072,33061035090000
6113304.542933796,-11368877.476030093,33061035100000
6113281.73390622,-11368877.809988564,33061035110000
6113316.530184283,-11373191.551576296,33061035120000
6113316.3636945775,-11373168.842400173,33061035130000
6113316.197204875,-11373146.02190456,33061035140000
6188387.413935262,-11391015.249205679,33061035490000
6188387.245976843,-11390992.317390576,33061035500000
6188412.607735421,-11390996.992809188,33061035510000
6188412.439776505,-11390974.060994085,33061035520000
6188426.380377675,-11392221.618527407,33061035530000
6188401.0185780935,-11392226.182626527,33061035540000
6087422.852232701,-11386716.090471242,33061035550000
6087400.111841898,-11386716.201790733,33061035560000
6087377.371511242,-11386716.313110223,33061035570000
6113993.171039995,-11376926.431811899,33061035830000
6113928.401679345,-11376930.773272041,33061035840000
6115334.289773595,-11375634.791760225,33061035960000
6115334.289773595,-11375612.082584104,33061035970000
6115334.289773595,-11375589.262088493,33061035980000
6115334.289773595,-11375566.441592878,33061035990000
6113372.970380452,-11368878.143947037,33061036060000
6110859.660480592,-11371405.430346517,33061036070000
6110859.826922624,-11371337.08017917,33061036130000
6113352.658526664,-11367684.35372777,33061036140000
6113329.849371136,-11367684.46504726,33061036150000
6113947.549382855,-11376920.086600926,33061036160000
6117653.851176339,-11374538.517414894,33061036180000
6132582.375919733,-11387184.411569009,33061036190000
6132582.375919733,-11387207.232064622,33061036200000
6132582.375919733,-11387230.052560234,33061036210000
6113882.780366715,-11376930.439313568,33061036220000
6103698.485031186,-11385843.01170495,33061036280000
6103675.701522097,-11385843.123024441,33061036290000
6098057.005648609,-11384394.077212784,33061036300000
6098053.681769428,-11384416.341110943,33061036310000
6098050.357891541,-11384439.050287066,33061036320000
6096142.165722248,-11384735.271452066,33061036380000
6096142.165722248,-11384758.09194768,33061036390000
6096142.165722248,-11384803.510299921,33061036400000
6105395.94336692,-11389791.402723897,33061036410000
6105395.94336692,-11389768.582228284,33061036420000
6105395.777030827,-11389745.873052163,33061036430000
6105395.777030827,-11389723.16387604,33061036440000
6103363.556906056,-11385805.942314517,33061036450000
6103363.556906056,-11385783.121818904,33061036460000
6103363.556906056,-11385760.412642783,33061036470000
6112054.298104711,-11370165.665177552,33061036510000
6112054.464569923,-11370120.024186326,33061036520000
6110891.783852571,-11370091.749035666,33061036570000
6110937.389260832,-11370091.526396682,33061036580000
6110935.558382108,-11370910.726529432,33061036590000
6110912.75565254,-11370910.837848922,33061036600000
6117745.134177848,-11374538.18345642,33061036640000
6117699.49255561,-11374538.406095402,33061036650000
6117676.671835602,-11374538.406095402,33061036660000
6132582.375919733,-11387161.591073396,33061036740000
6096221.921428624,-11384247.24680443,33061036800000
6096153.630559477,-11384247.24680443,33061036810000
6114517.171487887,-11386954.42550103,33061037130000
6114517.338000905,-11386999.955172766,33061037140000
6113434.572198389,-11386892.420544658,33061037150000
6113434.572198389,-11386869.711368537,33061037160000
6127422.980800226,-11380416.409167761,33061037190000
6127422.980800226,-11380393.588672146,33061037200000
6114517.338000905,-11386977.134677151,33061037210000
6096200.487009785,-11385991.511905668,33061037240000
6090893.209600214,-11386572.93360608,33061037390000
6090893.375655703,-11386618.351958325,33061037400000
6142308.08568143,-11386379.2376921,33061037620000
6142330.972132311,-11386379.126372611,33061037630000
6132586.881260308,-11380383.792556958,33061037640000
6142346.007060377,-11385232.75825642,33061037650000
6142322.953514816,-11385232.75825642,33061037660000
6098046.535433555,-11384457.084044572,33061037700000
6098521.36421087,-11383496.95343648,33061037740000
6127445.8274882855,-11381236.945134396,33061037770000
6127445.8274882855,-11381214.235958274,33061037780000
6127445.8274882855,-11381191.415462662,33061037790000
6128886.45924736,-11384148.840374567,33061037910000
6128886.125662531,-11384171.66087018,33061037920000
6133726.8086109795,-11386559.018669732,33061037950000
6133726.641724252,-11386536.19817412,33061037960000
6133726.641724252,-11386513.377678508,33061037970000
6131344.665100283,-11384143.163080536,33061037980000
6131321.808009264,-11384143.163080536,33061037990000
6132632.602258073,-11380383.792556958,33061038000000
6132564.020852987,-11380383.792556958,33061038010000
6132609.741728672,-11380383.792556958,33061038020000
6108379.533387631,-11386368.328382004,33061038190000
6096199.157745261,-11384247.24680443,33061038200000
6132196.093496688,-11379335.051634192,33061038260000
6132196.260353585,-11379357.872129805,33061038270000
6132196.260353585,-11379380.692625418,33061038280000
6171339.565469211,-11391836.119130787,33061038460000
6171362.529831205,-11391836.230450276,33061038470000
6096200.320851707,-11385946.093553426,33061038580000
6129666.749729237,-11379299.54071663,33061038590000
6129666.916536852,-11379322.361212244,33061038600000
6129667.0833444735,-11379345.181707855,33061038610000
6166092.739806686,-11411433.136248508,33061038720000
6166092.572286872,-11411410.204433404,33061038730000
6166094.079965342,-11411389.053730154,33061038740000
6166092.404767058,-11411364.340803197,33061038750000
6128886.626039783,-11384126.019878954,33061038760000
6124653.479738581,-11387840.639967237,33061038770000
6124676.319042162,-11387840.639967237,33061038780000
6124699.158406624,-11387840.639967237,33061038790000
6108377.370266842,-11386325.470378047,33061038800000
6098549.951170275,-11384249.02791628,33061038850000
6098549.618763226,-11384226.20742067,33061038860000
6098549.2863561865,-11384203.498244546,33061038870000
6127357.776354106,-11385179.770178804,33061038880000
6127357.776354106,-11385156.94968319,33061038890000
6127357.776354106,-11385134.129187578,33061038900000
6122369.523415847,-11386588.18437632,33061038990000
6122346.690259702,-11386588.295695812,33061039000000
6103664.392941501,-11385843.234343931,33061039010000
6103709.959960115,-11385843.01170495,33061039020000
6127883.595142437,-11384564.396033699,33061039030000
6127883.595142437,-11384541.575538086,33061039040000
6127883.595142437,-11384518.755042473,33061039050000
6127883.595142437,-11384587.21652931,33061039120000
6089104.645929202,-11383755.882572066,33061039130000
6089104.645929202,-11383733.173395945,33061039140000
6089104.479908258,-11383710.464219823,33061039150000
6141552.366032712,-11366775.875363406,33061039160000
6127859.246334852,-11382159.115796128,33061039250000
6127836.398544108,-11382159.004476637,33061039260000
6127813.5508143045,-11382158.893157147,33061039270000
6118222.553446268,-11374909.87923618,33061039300000
6118199.731333975,-11374909.767916689,33061039310000
6118176.909282437,-11374901.864232842,33061039320000
6119265.60547354,-11374936.929872442,33061039330000
6119265.60547354,-11374914.22069632,33061039340000
6123634.775347336,-11374956.410783332,33061039350000
6123634.775347336,-11374979.231278943,33061039360000
6123634.775347336,-11375002.051774556,33061039370000
6135048.152813269,-11379710.53227664,33061039420000
6135048.319725762,-11379733.352772253,33061039430000
6135048.319725762,-11379756.173267866,33061039440000
6139099.910948026,-11379251.5620161,33061039450000
6139099.576964974,-11379274.382511713,33061039460000
6139099.40997345,-11379297.203007322,33061039470000
6130262.607262516,-11383732.394159509,33061039480000
6130262.273624081,-11383755.214655122,33061039490000
6130262.106804866,-11383778.035150735,33061039500000
6130261.939985653,-11383800.855646348,33061039510000
6141364.114694399,-11379299.42939714,33061039520000
6141364.114694399,-11379322.249892753,33061039530000
6141364.28173013,-11379345.070388366,33061039540000
6136174.385475799,-11379333.827119796,33061039550000
6136197.255526543,-11379333.827119796,33061039560000
6136220.125638395,-11379333.827119796,33061039570000
6132554.1758788545,-11375208.88338845,33061039580000
6132531.315558857,-11375208.994707942,33061039590000
6149494.433144677,-11384541.352899104,33061039610000
6120891.660342323,-11374981.902946724,33061039620000
6120914.4896224495,-11374981.902946724,33061039630000
6120960.148365112,-11374982.014266213,33061039640000
6150090.50271705,-11384801.617868578,33061039670000
6150113.410006842,-11384801.617868578,33061039680000
6091369.636008621,-11381342.142053196,33061039830000
6091369.469943927,-11381319.432877075,33061039840000
6091369.469943927,-11381296.61238146,33061039850000
6120937.318963376,-11374981.902946724,33061039860000
6122922.871056361,-11387197.992546886,33061039870000
6122922.871056361,-11387175.172051273,33061039880000
6149543.755697425,-11388108.919940049,33061039890000
6149543.755697425,-11388131.740435658,33061039900000
6149543.755697425,-11388154.672250764,33061039910000
6149543.9228930045,-11388177.492746376,33061039920000
6151477.089574859,-11386410.518469013,33061039930000
6151476.922341461,-11386433.450284118,33061039940000
6151476.755108067,-11386456.270779729,33061039950000
6151476.587874677,-11386479.202594835,33061039960000
6139896.831643133,-11380238.29798249,33061039970000
6139896.831643133,-11380261.118478103,33061039980000
6139896.831643133,-11380283.938973716,33061039990000
6089826.203238186,-11383357.804072991,33061040090000
6089826.369273069,-11383380.51324911,33061040100000
6092275.732748647,-11386697.166157806,33061040280000
6092275.566666445,-11386674.456981685,33061040290000
6092275.068419859,-11386624.251891337,33061040300000
6171407.788243832,-11394712.614772886,33061040360000
6171407.788243832,-11394689.682957783,33061040370000
6171407.788243832,-11394735.54658799,33061040380000
6090852.526101077,-11386641.283773428,33061040390000
6090852.526101077,-11386663.992949551,33061040400000
6091301.54975299,-11385782.008623995,33061040430000
6149171.586445932,-11387449.351957098,33061041400000
6149171.586445932,-11387426.420141993,33061041410000
6149171.41925764,-11387403.59964638,33061041420000
6089826.369273069,-11383403.222425235,33061041540000
6134989.56672958,-11380228.835825773,33061041550000
6134989.56672958,-11380251.656321386,33061041560000
6127860.747286743,-11385874.626440335,33061041570000
6127837.899491993,-11385874.626440335,33061041580000
6127814.8849866325,-11385874.626440335,33061041590000
6091278.633037042,-11385782.008623995,33061041600000
6171312.7458546255,-11391836.34176977,33061041610000
6132248.486721697,-11388106.136952776,33061041650000
6132248.486721697,-11388087.880556287,33061041660000
6132248.486721697,-11388122.055639962,33061041670000
6132248.486721697,-11388144.876135573,33061041680000
6132248.486721697,-11388167.696631188,33061041690000
6132248.486721697,-11388190.517126799,33061041700000
6134708.158822249,-11386556.792279918,33061041750000
6134707.991916392,-11386533.971784303,33061041760000
6134707.991916392,-11386511.151288692,33061041770000
6134707.825010535,-11386488.330793079,33061041780000
6134707.825010535,-11386465.510297466,33061041790000
6134707.658104681,-11386442.689801853,33061041800000
6127780.696886302,-11385125.89154526,33061041840000
6127780.696886302,-11385103.071049647,33061041850000
6127780.696886302,-11385080.250554034,33061041860000
6134989.399818237,-11380206.01533016,33061041870000
6166449.564479456,-11412753.94200677,33061041880000
6166449.564479456,-11412776.873821873,33061041890000
6166449.732006281,-11412799.805636976,33061041900000
6166138.137798315,-11413961.090564933,33061041910000
6166138.137798315,-11413938.158749828,33061041920000
6166137.970277606,-11413915.226934725,33061041930000
6166189.064246034,-11415277.777502036,33061041940000
6166167.78901546,-11415323.529812751,33061041950000
6166145.5087127285,-11415369.393442957,33061041960000
6117575.561785001,-11379232.192424702,33061042100000
6141913.011710388,-11379082.467709584,33061042570000
6141912.844663941,-11379059.53589448,33061042580000
6141912.844663941,-11379036.715398869,33061042830000
6141912.677617499,-11379013.894903256,33061042840000
6135064.677165779,-11382128.836894633,33061044030000
6135018.943177263,-11382128.836894633,33061044040000
6171407.788243832,-11394666.751142679,33061044350000
6091367.809297161,-11385776.99924691,33061046030000
6091345.058468773,-11385776.99924691,33061046040000
6091254.055757409,-11385776.99924691,33061046050000
6089646.887437213,-11386653.751556398,33061046520000
6089647.0534686325,-11386676.46073252,33061046530000
6089647.0534686325,-11386699.16990864,33061046540000
6089647.219500056,-11386721.879084764,33061046550000
6089647.219500056,-11386744.588260883,33061046560000
6164699.0886952095,-11415449.320837349,33061901420000
6181574.218386079,-11393850.556636183,33061901800000
6127757.348993756,-11383806.866898851,33061903610000
6137694.124730845,-11379342.398720585,33061903620000
6129833.558969903,-11378467.20488397,33061903650000
6109486.956432695,-11385771.210633388,33061903700000
6114234.270542703,-11378456.295573872,33061903720000
6165008.955388188,-11413037.806708293,33061904000000
6197196.51715754,-11393577.93520323,33061991860000
6092249.823963899,-11384323.945933586,33061991880000
6211896.574644345,-11301654.752485776,33075003250000
6193564.289847001,-11311849.391452625,33075011130000
6210730.829647748,-11325833.345886076,33075012370000
6211883.437649942,-11325529.33235672,33075012480000
6216030.346762941,-11312455.860038467,33075012490000
6197780.965047969,-11258671.06882526,33075012520000
5926888.230498,-11479014.865150632,33089004020000
6150270.251348044,-11320345.962906912,33101001520000
6151470.901941377,-11327520.058810575,33101004290000
6199266.309134071,-11468505.525983311,33105006850000
6198617.353566624,-11467294.25860399,33105011690000
6197950.960159692,-11469031.287938327,33105013050000
6134830.334784467,-11573780.145787528,33105017480000
6120426.922740919,-11570919.346193632,33105017690000
6125598.444256632,-11562078.24091534,33105017730000
6142129.17254439,-11554688.85311648,33105017820000
6142505.211864558,-11554927.633424234,33105017840000
6135207.722641525,-11571729.418128135,33105017860000
6139690.413376337,-11554701.09826047,33105017880000
6132545.665825591,-11573894.248265592,33105017930000
6142505.378922573,-11554973.385734951,33105018070000
6152172.641579135,-11576503.799768768,33105018960000
6111038.753974419,-11565044.237428036,33105019000000
6125272.496414121,-11575755.398832165,33105019030000
6134885.581591285,-11568594.661267396,33105019200000
6142114.973249345,-11554190.809714673,33105019280000
6142104.616131357,-11551784.972879648,33105019340000
6134936.822906065,-11575695.397626627,33105019450000
6135178.178630942,-11569873.054299666,33105019530000
6146966.65716338,-11557095.023909979,33105019960000
6142113.469795958,-11549425.333633304,33105020060000
6122837.366511728,-11560449.525445543,33105020210000
6135206.72114797,-11577050.267149072,33105020300000
6135202.882090434,-11576890.968957746,33105020310000
6111062.222822691,-11567499.500116972,33105020410000
6135294.352277379,-11574541.905063028,33105020680000
6115576.759250693,-11563797.681770133,33105020800000
6136846.99081867,-11582147.030035041,33105020810000
6134066.096053878,-11578876.018117573,33105020850000
6111046.909808028,-11570778.193079308,33105020860000
6129155.833240885,-11578905.29514365,33105020890000
6131499.994831327,-11578904.070629252,33105020900000
6125260.659155489,-11571034.339227622,33105020910000
6139383.80125977,-11582172.744837414,33105020920000
6154179.506815259,-11576311.328369187,33105021110000
6135210.393291577,-11572206.533465674,33105021940000
6125257.324719395,-11572183.37901159,33105022420000
6125254.823893171,-11574910.483897043,33105025500000
6125254.657171447,-11574887.66340143,33105025580000
6118221.054181551,-11581007.897685755,33105027400000
6122841.366705318,-11559227.794034088,33105027410000
6130060.424751456,-11570915.116052981,33105027850000
6125247.6548620425,-11569778.878010454,33105028300000
6115326.962506005,-11581246.677993506,33105029260000
6115966.956325861,-11570035.692075716,33105029270000
6134916.626781208,-11567011.698108315,33105044680000
6142110.462889968,-11554258.046687111,33105046240000
6142110.462889968,-11554212.294376396,33105046250000
6142110.462889968,-11554166.65338517,33105046260000
6142110.462889968,-11554143.832889559,33105046270000
6134922.969360737,-11568789.136417812,33105046490000
6134877.069220169,-11568789.136417812,33105046500000
6134808.469832514,-11568789.136417812,33105046510000
6134916.793691132,-11567057.33909954,33105046520000
6134916.960601063,-11567080.159595154,33105046530000
6133932.248639108,-11577224.704791145,33105901640000
6143372.621043821,-11555807.28004048,33105991870000
